id,title,content,author,date
3,The Future of Web Development: Trends to Watch in 2025,"Web development is evolving faster than ever. With new technologies emerging, developers need to stay ahead of the curve. In 2025, several key trends are shaping the future of websites and applications.

1. AI-Powered Websites
Artificial Intelligence is revolutionizing web development. AI-driven chatbots, personalized content recommendations, and automated design tools are making websites smarter and more user-friendly.

2. Web3 and Decentralization
The rise of Web3 is shifting control back to users. Blockchain technology is enabling decentralized applications (DApps) and secure, trustless transactions on the web.

3. No-Code & Low-Code Platforms
Building a website no longer requires deep coding knowledge. Platforms like Webflow, Bubble, and Framer AI are making it easier for non-developers to create stunning, functional websites.

4. Performance & Speed Optimization
Googleï¿½s Core Web Vitals are influencing how websites are ranked. Optimizing for speed, interactivity, and visual stability is essential for user experience and SEO in 2025.

5. The Rise of Progressive Web Apps (PWAs)
PWAs offer the best of both web and mobile apps. They load faster, work offline, and provide an app-like experience without requiring downloads from an app store.

Conclusion
The future of web development is exciting and dynamic. Whether youï¿½re a developer or a business owner, staying updated with these trends will help you build modern, competitive websites in 2025.",John_doe,2025-03-19
4,The Impact of Dark Mode on User Experience in 2025,"Introduction
Dark mode has become a standard feature in websites and apps. But is it just a trend, or does it truly improve user experience? In 2025, more businesses and developers are prioritizing dark mode in their designs. Letï¿½s explore why.

1. Reducing Eye Strain
Studies show that prolonged screen exposure can cause eye fatigue. Dark mode, especially with softer contrast, reduces blue light exposure and makes reading easier, particularly in low-light conditions.

2. Battery Life Benefits
For OLED and AMOLED screens, dark mode significantly saves battery life. Since darker pixels consume less energy, enabling dark mode can extend device usage timeï¿½especially on mobile and laptops.

3. Aesthetic & Modern Appeal
Users now associate dark mode with premium and modern design. Apps like Twitter, YouTube, and Instagram have embraced it, giving users a sleek and sophisticated experience.

4. Accessibility Considerations
While dark mode benefits many, it isnï¿½t ideal for all users. People with certain visual impairments may find text harder to read. Developers must provide proper contrast and an option to switch between dark and light modes.

5. Boosting Focus & Productivity
Many professionals prefer dark mode for deep work. It reduces distractions and makes code editors, reading apps, and writing tools more comfortable for extended use.

Conclusion
Dark mode isnï¿½t just a passing trendï¿½itï¿½s a user-centric feature that enhances comfort, aesthetics, and performance. Websites and apps in 2025 should prioritize customizable themes to accommodate different user preferences.",John_doe,2025-03-19
3,The Evolution of Blogging: How It Has Transformed Over the Years,"Blogging started as a simple way for people to share their thoughts online. In the early 2000s, personal blogs were like online diaries, where individuals wrote about their daily lives, experiences, and interests. Over time, as the internet evolved, so did blogging. It became more than just a personal journal—it turned into a powerful tool for businesses, brands, and content creators.

With the rise of social media, many believed that traditional blogs would fade away. Platforms like Facebook, Twitter, and Instagram changed the way people consumed content. Instead of reading long-form articles, users began engaging with shorter posts, videos, and images. However, blogging didn’t disappear—it adapted. Bloggers started integrating multimedia elements, using SEO strategies to reach wider audiences, and focusing on high-quality, informative content.

Today, blogging is an essential part of digital marketing and brand storytelling. Businesses use blogs to educate customers, improve their online presence, and drive traffic to their websites. Independent bloggers, on the other hand, have built careers through niche content, affiliate marketing, and sponsorships. The landscape has changed, but the core of blogging remains the same: sharing valuable content with an audience.

As technology continues to advance, the future of blogging looks promising. AI-powered content creation, interactive blog formats, and personalized reader experiences are shaping the next generation of digital storytelling. While the methods may change, blogging will always be about connecting with people through words.

",Emily,2025-03-19
4,The Simple Joy of Writing: Why Blogging Still Matters,"In a fast-paced digital world dominated by social media and short-form content, blogging remains one of the few places where people can truly express themselves without limitations. Unlike tweets or Instagram captions, blogs provide space for thoughtful reflection, storytelling, and deep dives into topics that matter.

For many, blogging is more than just writing—it’s a form of connection. Readers engage with personal experiences, learn from detailed guides, and explore new perspectives. Whether it’s a hobby, a business strategy, or a creative outlet, blogging continues to hold value in a world that often feels rushed.

The best part? Anyone can start. With a simple idea and a passion for sharing, blogging becomes a timeless way to leave an impact, one post at a time.",Alex,2025-03-19
5,How Minimalist Web Design is Changing the Internet,"Less is more—that’s the philosophy behind minimalist web design. In recent years, websites have shifted towards clean layouts, simple typography, and neutral color palettes. Instead of cluttered pages filled with buttons and distractions, modern websites focus on usability and clarity.

This shift isn’t just about aesthetics; it improves user experience. Faster load times, easier navigation, and mobile-friendly layouts make minimalist sites more accessible to everyone. Tech giants like Apple and Google have embraced this approach, proving that simplicity leads to efficiency.

As the internet evolves, the focus remains on functionality. Users want fast, intuitive experiences, and minimalist design delivers exactly that. The future of web design isn’t about adding more—it’s about refining what truly matters.",Sophia,2025-03-19
6,The Return of Long-Form Content in the Age of Short Attention Spans,"In a world where people scroll through endless social media feeds, long-form content is making an unexpected comeback. While short videos and quick posts dominate platforms, readers are beginning to crave depth and substance.

Long-form articles allow for in-depth exploration of topics. Whether it’s investigative journalism, personal storytelling, or industry insights, extended content provides readers with more than just surface-level information. Podcasts, newsletters, and digital magazines are proof that audiences still value rich, detailed content.

Content creators who invest in longer articles often see higher engagement and trust. Readers appreciate well-researched, insightful posts that go beyond clickbait headlines. While short-form content isn’t disappearing, the future of digital storytelling embraces both brevity and depth, giving audiences the choice of how they want to consume information.

",Dane,2025-03-19
